start_s,end_s,gloss_token,sentence_idx,token_idx,score,fallback
35.216,35.516,สวัสดี,0,0,0.2308,
35.583,35.95,(ผายมือ),0,1,0.1538,
35.983,36.133,เด็ก,0,2,0.0769,
36.166,36.883,เรียน,0,3,0.3846,
36.9,37.366,(ผายมือ),0,4,0.1538,
37.633,37.816,นี้,1,0,0.125,
37.9,38.35,ต่อ,1,1,0.0625,
38.4,38.9,ไหน,1,2,0.1875,
38.916,39.283,เรา,1,3,0.1875,
39.516,40.133,เรียน,1,4,0.25,
40.15,40.633,ไหน,1,5,0.1875,
40.766,41.65,เกี่ยวกับ,2,0,0.1429,
41.666,42.666,เปรียบเทียบ,2,1,0.1905,
42.716,43.783,(ไล่จำนวนตัวเลข),2,2,0.2381,
43.8,44.8,(น้อยไปหามาก),2,3,0.381,
44.966,45.45,ดู,3,0,0.1818,
45.483,45.666,ประมาณ,3,1,0.1364,
45.716,46.133,(ผายมือ),3,2,0.0455,
46.216,46.7,นี้,3,3,0.2273,
46.716,47.25,คุณครู,3,4,0.0909,
47.3,47.65,ดู,3,5,0.1364,
47.666,48.133,(ผายมือ),3,6,0.1364,
49.283,49.45,(ผายมือ),4,0,0.0455,
49.533,49.833,(ผายมือ),4,1,0.1364,
49.883,50.35,ราคา,4,2,0.1364,
50.366,50.633,รถยนต์,4,3,0.0909,
50.716,51.183,มี,4,4,0.0909,
51.2,52.066,(ลักษณนามรถยนต์),4,5,0.0455,
52.083,52.466,(ลักษณนามรถยนต์),4,6,0.1364,
52.5,52.95,สอง,4,7,0.1364,
53.0,53.35,(ชี้นิ้วกลาง),4,8,0.1364,
53.583,53.95,รถยนต์,5,0,0.375,
53.966,54.35,สวยงาม,5,1,0.125,
54.383,54.783,ใช่ไหม,5,2,0.5,
55.183,55.95,(ลักษณนามรถยนต์),6,0,0.0588,
56.016,56.4,ที่,6,1,0.1176,
56.466,57.116,หนึ่ง,6,2,0.1176,
57.166,57.583,ราคา,6,3,0.0882,
57.666,58.15,เท่าไร,6,4,0.0882,
58.166,58.7,(ชี้นิ้วชี้),6,5,0.0294,
58.716,59.166,เก้า,6,6,0.0294,
59.2,59.583,แสน,6,7,0.0588,
59.616,60.033,ห้า,6,8,0.1765,
60.066,60.5,หมื่น,6,9,0.0588,
60.6,60.933,แปด,6,10,0.0294,
60.983,61.333,พัน,6,11,0.0294,
61.35,61.883,เจ็ดร้อย,6,12,0.0588,
61.9,62.483,ห้าสิบ,6,13,0.0588,
62.866,63.233,(ชี้นิ้วกลาง),7,0,0.0968,
63.316,63.75,รถยนต์,7,1,0.0968,
63.766,64.666,(ชี้นิ้วกลาง),7,2,0.0323,
64.716,65.45,ที่,7,3,0.1935,
65.516,66.216,สอง,7,4,0.1613,
66.233,66.8,ราคา,7,5,0.0968,
67.0,67.716,เท่าไร,7,6,0.0968,
67.733,68.4,หนึ่ง,7,7,0.0323,
68.45,69.316,ล้าน,7,8,0.0323,
69.333,69.633,สามร้อย,7,9,0.0323,
69.65,70.4,แปดสิบ,7,10,0.0323,
70.483,71.316,ห้า,7,11,0.0968,
71.933,72.516,(ชี้นิ้วชี้),8,0,0.1538,
72.583,72.933,(ชี้นิ้วกลาง),8,1,0.3077,
72.983,73.566,วิธี,8,2,0.1538,
73.583,73.966,เปรียบเทียบ,8,3,0.2308,
73.983,74.516,อย่างไร,8,4,0.1538,
75.566,76.166,ใคร,9,0,0.0945,
76.183,76.533,มี,9,1,0.1891,
76.616,77.1,ราคา,9,2,0.1425,
77.116,77.65,มาก,9,3,0.1437,
77.683,78.25,กว่า,9,4,0.1909,
78.333,78.733,กว่า,9,5,0.0957,
78.8,79.35,ไหน,9,6,0.1436,
79.5,79.966,ดู,10,0,0.2892,
79.983,80.5,(ผายมือ),10,1,0.1454,
80.516,80.933,วิธี,10,2,0.1417,
81.016,81.516,ทำ,10,3,0.1419,
81.533,81.833,อย่างไร,10,4,0.1419,
81.883,82.233,(ผายมือ),10,5,0.1406,
82.366,82.866,เปรียบเทียบ,11,0,0.0541,
82.916,83.416,ตัวเลข,11,1,0.0824,
83.5,84.166,(มี+สอง),11,2,0.1112,
84.183,84.716,(ชี้นิ้วชี้),11,3,0.0817,
84.733,85.316,(ไล่จำนวนตัวเลข),11,4,0.1627,
85.366,85.85,(น้อยไปหามาก),11,5,0.1087,
85.916,86.333,(น้อยไปหามาก),11,6,0.0276,
86.4,86.933,มี,11,7,0.1363,
87.0,87.716,ฝั่งซ้าย,11,8,0.1569,
87.766,88.45,ก่อน,11,9,0.0793,
89.616,90.066,ดู,12,0,0.0904,
90.083,90.333,สังเกต,12,1,0.0459,
90.35,90.65,ไหน,12,2,0.0459,
90.716,91.133,ตัวเลข,12,3,0.0916,
91.183,91.366,ฝั่งซ้าย,12,4,0.089,
91.383,91.85,เห็น,12,5,0.0462,
91.9,92.316,ไหน,12,6,0.1373,
92.333,92.816,สังเกต,12,7,0.0924,
92.833,93.133,รถยนต์,12,8,0.0905,
93.2,93.5,ที่,12,9,0.0459,
93.6,94.033,หนึ่ง,12,10,0.0906,
94.05,94.533,(ชี้นิ้วชี้),12,11,0.1348,
96.35,97.05,เก้า,13,0,0.1395,
97.1,97.75,(วางสันมือที่นิ้วชี้),13,1,0.4245,
97.816,98.333,แสน,13,2,0.1457,
98.383,98.766,เก้า,13,3,0.0737,
98.816,99.15,แสน,13,4,0.1441,
99.183,99.5,(ผายมือ),13,5,0.073,
99.516,100.233,ลำดับต่อมา,14,0,0.2912,
100.283,100.95,ฝั่งซ้าย,14,1,0.355,
100.983,101.616,(ชี้ฝั่งซ้าย),14,2,0.2843,
101.65,102.45,(ชี้นิ้วกลาง),14,3,0.0705,
102.883,103.516,ตัวเลข,15,0,0.1605,
103.633,103.916,หนึ่ง,15,1,0.064,
103.966,104.483,เท่ากัน,15,2,0.0641,
104.5,105.116,หนึ่ง,15,3,0.0638,
105.183,105.8,ล้าน,15,4,0.1292,
105.866,106.516,ตรง,15,5,0.1312,
106.533,107.25,หนึ่ง,15,6,0.1627,
107.283,107.95,ล้าน,15,7,0.1923,
110.316,110.516,อย่างไร,16,0,0.1437,
110.65,110.816,เก้า,16,1,0.1425,
110.916,111.516,แสน,16,2,0.1447,
111.6,111.666,(ชี้แสน),16,3,0.072,
111.7,112.75,น้อย,16,4,0.0721,
112.783,113.25,กว่า,16,5,0.1397,
113.266,113.8,หนึ่ง,16,6,0.1407,
113.816,114.4,ล้าน,16,7,0.1437,
114.616,114.85,(ชี้ที่ของ),17,0,0.0716,
114.9,115.283,เก้า,17,1,0.0477,
115.333,115.65,แสน,17,2,0.0248,
115.683,116.1,หนึ่ง,17,3,0.0494,
116.2,116.666,ห้า,17,4,0.0983,
116.683,117.183,หมื่น,17,5,0.0497,
117.25,117.6,แปดพัน,17,6,0.0746,
117.616,118.15,เจ็ดร้อย,17,7,0.0242,
118.166,118.633,ห้าสิบ,17,8,0.0737,
118.75,119.166,ที่,17,9,0.0975,
119.2,119.616,น้อย,17,10,0.0736,
119.633,120.05,กว่า,17,11,0.0973,
120.066,120.55,หนึ่ง,17,12,0.0468,
120.566,120.833,ล้าน,17,13,0.0246,
120.85,121.35,สามร้อย,17,14,0.0244,
121.366,121.866,แปดสิบ,17,15,0.0729,
121.883,122.416,ห้า,17,16,0.0492,
124.166,125.25,เปรียบเทียบ,18,0,0.2014,
125.3,126.116,เห็น,18,1,0.3957,
126.15,126.933,เขียน,18,2,0.2023,
127.016,127.933,(วาดสัญลักษณ์น้อยกว่า),18,3,0.2001,
128.216,128.666,สอง,19,0,0.0703,
128.8,129.3,(วาดสัญลักษณ์น้อยกว่า),19,1,0.1422,
129.316,129.866,มี,19,2,0.1071,
129.883,130.466,น้อย,19,3,0.1789,
130.516,131.183,กว่า,19,4,0.2519,
131.2,131.8,น้อย,19,5,0.1434,
131.816,132.4,กว่า,19,6,0.0699,
132.866,133.416,ตัวเลข,20,0,0.0199,
133.483,133.65,เก้า,20,1,0.0386,
133.7,134.35,แสน,20,2,0.0772,
134.4,134.983,ห้าหมื่น,20,3,0.077,
135.016,135.65,แปดพัน,20,4,0.1176,
135.666,136.15,เจ็ดร้อย,20,5,0.0591,
136.233,136.916,ห้าสิบ,20,6,0.1196,
136.95,137.616,(วาดสัญลักษณ์น้อยกว่า),20,7,0.0399,
137.75,138.433,น้อย,20,8,0.0973,
138.483,139.116,กว่า,20,9,0.0986,
139.133,139.766,หนึ่ง,20,10,0.0397,
139.816,140.866,ล้าน,20,11,0.0194,
140.9,141.35,สามร้อย,20,12,0.0586,
141.366,141.783,แปดสิบ,20,13,0.0583,
141.8,142.283,ห้า,20,14,0.02,
142.3,142.683,(ผายมือ),20,15,0.0396,
142.7,143.116,(ผายมือ),20,16,0.0199,
143.85,144.266,รถยนต์,21,0,0.0689,
144.283,144.533,สอง,21,1,0.068,
144.566,144.933,ไม่,21,2,0.1351,
144.966,145.066,รถยนต์,21,3,0.0667,
145.083,145.566,สอง,21,4,0.0686,
145.583,145.95,มี,21,5,0.1951,
146.0,146.35,เพิ่มเติม,21,6,0.0652,
146.4,146.616,ใหม่,21,7,0.1319,
146.633,147.033,(ผายมือ),21,8,0.2002,
147.183,147.6,ที่,22,0,0.184,
147.616,148.033,หนึ่ง,22,1,0.1832,
148.083,148.583,มี,22,2,0.3643,
148.6,149.133,น้อย,22,3,0.1807,
149.666,150.05,มี,23,0,0.1382,
150.116,150.466,ราคา,23,1,0.0944,
150.483,150.833,เท่าไร,23,2,0.1438,
150.883,151.366,เก้า,23,3,0.0481,
151.416,151.65,แสน,23,4,0.0479,
151.716,152.166,ห้าหมื่น,23,5,0.0953,
152.183,152.8,แปดพัน,23,6,0.192,
152.816,153.35,เจ็ดร้อย,23,7,0.0964,
153.416,153.933,ห้าสิบ,23,8,0.1439,
154.616,155.033,(ชี้นิ้วกลาง),24,0,0.2001,
155.1,155.716,ที่สาม,24,1,0.1022,
155.933,156.95,สวยงาม,24,2,0.6982,
158.166,158.466,ราคา,25,0,0.0718,
158.483,159.016,เท่าไร,25,1,0.1078,
159.1,159.716,เก้า,25,2,0.0718,
159.733,160.116,แสน,25,3,0.0703,
160.183,160.55,ห้า,25,4,0.0702,
160.633,161.15,หมื่น,25,5,0.1772,
161.233,161.816,ห้าพัน,25,6,0.1443,
161.833,162.366,เจ็ดร้อย,25,7,0.1434,
162.383,162.95,เก้าสิบ,25,8,0.1076,
163.05,163.433,เก้า,25,9,0.0356,
164.583,165.05,ลอง,26,0,0.1506,
165.1,165.616,เปรียบเทียบ,26,1,0.0506,
165.633,166.066,(ชี้นิ้วชี้สลับกับนิ้วกลางไปมา),26,2,0.2003,
166.083,166.5,มี,26,3,0.1499,
166.516,167.05,ประมาณ,26,4,0.1976,
167.116,167.766,มี,26,5,0.1497,
167.783,168.333,ดู,26,6,0.1011,
168.466,168.666,วิธี,27,0,0.0861,
168.683,169.3,อย่างไร,27,1,0.0879,
169.4,170.05,มี,27,2,0.1311,
170.083,170.783,ตัวเลข,27,3,0.1303,
170.8,171.566,ฝั่งซ้าย,27,4,0.1745,
171.6,172.233,ก่อน,27,5,0.2176,
172.3,172.883,ใช่,27,6,0.1295,
173.333,173.65,ตัวเลข,28,0,0.0746,
173.683,174.45,(ผายมือ),28,1,0.112,
174.533,175.316,(ผายมือที่นิ้วชี้),28,2,0.1487,
175.333,176.016,สังเกต,28,3,0.1446,
177.133,177.15,ไหน,28,4,0.0376,
177.266,177.85,ตัวเลข,28,5,0.1861,
178.033,178.066,เก้า,28,6,0.0375,
179.316,179.766,เก้า,28,7,0.1124,
179.783,180.75,แสน,28,8,0.0366,
180.816,181.233,เก้า,28,9,0.1112,
181.533,182.066,(ชี้นิ้วกลาง),29,0,0.0698,
182.083,182.65,เก้า,29,1,0.1036,
182.683,183.183,เหมือนกัน,29,2,0.1053,
183.216,183.65,เกี่ยวข้อง,29,3,0.1053,
183.75,184.15,หนึ่ง,29,4,0.1035,
184.183,184.55,เก้า,29,5,0.035,
184.583,184.833,แสน,29,6,0.0346,
184.9,185.55,เหมือนกัน,29,7,0.1027,
185.6,186.016,(เก้าที่นิ้วชี้),29,8,0.1373,
186.033,186.533,(เก้าที่นิ้วกลาง),29,9,0.035,
186.566,186.95,(เก้าที่นิ้วชี้),29,10,0.1023,
187.016,187.166,(เก้าที่นิ้วกลาง),29,11,0.0338,
187.2,187.55,(เก้าที่นิ้วชี้),29,12,0.0341,
187.816,187.95,ตัวเลข,30,0,0.1443,
188.016,188.633,ฝั่งซ้าย,30,1,0.1445,
188.683,189.4,(เก้าที่นิ้วชี้),30,2,0.2873,
189.616,190.35,(แสนที่นิ้วกลาง),30,3,0.3572,
190.4,191.266,เท่ากัน,30,4,0.069,
191.6,192.483,แล้ว,31,0,0.3077,
192.5,193.35,(ผายมือที่นิ้วชี้),31,1,0.3052,
193.416,194.166,เปรียบเทียบ,31,2,0.3084,
194.183,194.683,ถัดมา,31,3,0.0776,
195.2,195.566,ถัดมา,32,0,0.2543,
195.683,195.733,ที่,32,1,0.0636,
195.783,196.25,ที่,32,2,0.0617,
196.6,197.05,เก้า,32,3,0.1864,
197.083,197.566,เก้า,32,4,0.1858,
197.583,198.016,เก้า,32,5,0.1879,
198.116,198.45,เท่ากัน,32,6,0.0603,
198.8,199.716,ถัดมา,33,0,0.6121,
199.816,200.766,ถัดมา,33,1,0.3879,
201.366,201.966,ที่,34,0,0.0855,
201.983,202.033,หนึ่ง,34,1,0.0842,
202.166,203.016,ห้า,34,2,0.0827,
203.033,203.683,(ห้าที่นิ้วชี้),34,3,0.0844,
204.133,204.25,หมื่น,34,4,0.1658,
204.316,204.683,ห้า,34,5,0.0842,
205.083,205.633,หมื่น,34,6,0.4139,
205.8,206.516,ลำดับถัดมา,35,0,0.128,
206.533,207.25,ที่,35,1,0.1035,
207.3,207.833,สอง,35,2,0.1028,
207.9,208.366,(ชี้นิ้วกลาง),35,3,0.0774,
208.383,208.833,ห้า,35,4,0.0263,
208.916,209.55,หมื่น,35,5,0.1017,
209.583,210.316,เหมือนกัน,35,6,0.1036,
210.4,211.15,เท่ากัน,35,7,0.1022,
211.283,211.85,ห้าหมื่น,35,8,0.1005,
211.866,212.333,ห้าหมื่น,35,9,0.1021,
212.4,213.05,เท่ากัน,35,10,0.0519,
213.383,213.766,(วางจำนวนตัวเลขสองมือ),36,0,0.4296,
214.116,214.816,เท่ากัน,36,1,0.5699,
216.816,217.15,ยัง,37,0,0.4263,
217.183,217.733,เปรียบเทียบ,37,1,0.2819,
217.75,218.166,ยัง,37,2,0.2918,
218.633,219.05,ถัดมา,38,0,0.0476,
219.133,219.783,ถัดมา,38,1,0.2739,
220.166,220.916,ถัดมา,38,2,0.275,
221.766,222.266,มี,38,3,0.1795,
222.333,223.216,ไหน,38,4,0.1793,
223.483,224.066,มี,39,0,0.2943,
224.083,224.65,ถัดมา,39,1,0.3582,
224.7,225.166,หนึ่งพัน,39,2,0.1174,
225.2,225.65,มี,39,3,0.2302,
225.833,226.216,ที่,40,0,0.1819,
226.233,226.85,หนึ่ง,40,1,0.1863,
226.883,227.616,(ชี้นิ้วชี้),40,2,0.0651,
227.7,227.816,แปด,40,3,0.1252,
227.916,228.366,หนึ่งพัน,40,4,0.2507,
228.433,228.766,แปด,40,5,0.1262,
228.783,229.15,พัน,40,6,0.0644,
229.516,230.366,ข้อสอง,41,0,0.0607,
230.383,231.033,แปด,41,1,0.3524,
231.05,231.816,(ชี้ไล่จากบนลงล่าง),41,2,0.1199,
231.866,232.233,(ชี้นิ้วกลาง),41,3,0.1763,
232.3,232.6,ห้า,41,4,0.0583,
233.466,233.666,ห้า,41,5,0.0585,
233.716,234.35,พัน,41,6,0.1747,
235.466,236.116,แปดพัน,42,0,0.1735,
236.266,237.1,ห้าพัน,42,1,0.2622,
237.116,237.766,แปดพัน,42,2,0.1307,
237.783,238.366,ห้าพัน,42,3,0.1292,
238.533,239.316,เห็น,42,4,0.2171,
239.4,239.916,(ผายมือ),42,5,0.0879,
240.2,240.65,(ชี้),43,0,0.118,
240.683,241.333,แปดพัน,43,1,0.1601,
241.383,241.95,มาก,43,2,0.1606,
242.033,242.6,มาก,43,3,0.1212,
242.616,242.833,กว่า,43,4,0.0793,
242.9,243.483,ห้าพัน,43,5,0.1192,
243.5,244.066,อย่างไร,43,6,0.1593,
244.216,244.75,มี,43,7,0.0816,
245.316,245.85,เก้า,44,0,0.0413,
245.866,246.433,แสน,44,1,0.0408,
246.466,247.05,ห้าหมื่น,44,2,0.1,
247.083,247.433,แปดพัน,44,3,0.0609,
247.466,248.05,เจ็ดร้อย,44,4,0.1019,
248.1,248.566,ห้าสิบ,44,5,0.0808,
248.683,249.316,(เครื่องหมายมากกว่า),44,6,0.0605,
249.333,249.75,มาก,44,7,0.0618,
249.816,250.15,กว่า,44,8,0.0615,
250.183,250.75,เก้า,44,9,0.1024,
250.766,251.283,แสน,44,10,0.0209,
251.3,251.733,ห้า,44,11,0.0412,
251.75,252.3,หมื่น,44,12,0.0821,
252.316,252.783,ห้าพัน,44,13,0.0416,
252.916,253.233,(ผายมือ),44,14,0.041,
254.066,254.516,เขียน,45,0,0.1121,
254.583,255.333,เปรียบเทียบ,45,1,0.2231,
255.416,256.333,ได้,45,2,0.2177,
256.433,257.183,(ผายมือ),45,3,0.4457,
258.383,258.933,(ผายมือ),46,0,0.1561,
259.016,259.683,(ชี้),46,1,0.1583,
259.7,260.233,ไหน,46,2,0.2106,
260.316,260.8,สอง,46,3,0.158,
260.816,261.633,(ลากเส้นที่นิ้วชี้และนิ้วกลางไปมา),46,4,0.0538,
261.683,262.016,มาก,46,5,0.0523,
262.116,262.683,กว่า,46,6,0.2105,
262.7,263.166,เก้า,47,0,0.0262,
263.183,263.55,เก้า,47,1,0.052,
263.566,264.0,แสน,47,2,0.0263,
264.016,264.416,ห้าหมื่น,47,3,0.0523,
264.466,264.866,แปดพัน,47,4,0.0523,
264.883,265.283,เจ็ดร้อย,47,5,0.0533,
265.3,265.95,ห้าสิบ,47,6,0.0534,
265.966,266.383,(ลากเส้นที่นิ้วชี้และนิ้วกลาง),47,7,0.0517,
266.5,266.85,มาก,47,8,0.0527,
266.916,267.433,กว่า,47,9,0.0531,
267.516,268.033,เก้า,47,10,0.1056,
268.066,268.566,แสน,47,11,0.0787,
268.583,269.05,ห้า,47,12,0.0524,
269.116,269.6,หมื่น,47,13,0.0783,
269.616,270.15,ห้าพัน,47,14,0.0785,
270.216,270.666,เจ็ดร้อย,47,15,0.0527,
270.683,271.266,เก้าสิบ,47,16,0.0269,
271.3,271.816,เก้า,47,17,0.0535,
273.816,274.183,(ผายมือ),48,0,0.0991,
274.2,274.783,รถยนต์,48,1,0.1009,
274.8,275.216,(ลักษณนามรถยนต์),48,2,0.0989,
275.283,275.816,(ลักษณนามรถยนต์),48,3,0.1492,
276.0,276.75,สาม,48,4,0.2968,
276.783,277.333,(ชี้นิ้วมือซ้ายที่ชูสามนิ้ว),48,5,0.1021,
277.416,277.766,ราคา,48,6,0.1011,
277.783,278.566,(ผายมือ),48,7,0.0518,
278.783,279.616,(ชี้นิ้วมือซ้ายที่ชูสามนิ้ว),49,0,0.1922,
279.633,280.833,เรา,49,1,0.1286,
280.883,282.083,เปรียบเทียบ,49,2,0.1937,
282.1,283.216,(มากไปหาน้อย),49,3,0.2266,
283.233,284.366,ไหน,49,4,0.2267,
284.666,285.25,เปรียบเทียบ,50,0,0.2337,
285.283,285.733,ดู,50,1,0.1753,
285.8,285.983,ที่,50,2,0.1178,
286.0,286.716,สอง,50,3,0.0581,
286.8,287.333,มาก,50,4,0.237,
287.366,287.85,ที่สุด,50,5,0.1782,
288.233,288.45,มาก,51,0,0.1248,
288.483,289.016,ราคา,51,1,0.1255,
289.066,289.45,หนึ่ง,51,2,0.1876,
289.5,289.966,ล้าน,51,3,0.1871,
290.016,290.416,สามร้อย,51,4,0.1873,
290.466,291.166,แปดสิบ,51,5,0.0626,
291.216,291.533,ห้า,51,6,0.1251,
292.366,292.85,(ชี้หนึ่ง),52,0,0.3642,
292.916,293.266,หนึ่ง,52,1,0.1819,
293.316,293.716,หนึ่ง,52,2,0.1797,
293.733,294.15,ล้าน,52,3,0.273,
294.3,294.766,ถัดมา,53,0,0.2198,
294.816,295.35,ที่,53,1,0.1758,
295.366,296.216,หนึ่ง,53,2,0.0441,
296.283,296.35,(ชี้),53,3,0.043,
296.4,296.833,ที่,53,4,0.1748,
296.916,297.133,สาม,53,5,0.0441,
297.3,297.8,สอง,53,6,0.176,
297.816,299.133,หนึ่ง,53,7,0.0399,
299.166,299.633,สาม,53,8,0.082,
301.216,302.166,สมมุติ,54,0,0.3524,
302.2,303.2,อยาก,54,1,0.3988,
303.216,304.266,ใหม่,54,2,0.1,
304.416,305.133,(น้อยไปหามาก),54,3,0.149,
305.9,306.583,ที่สาม,55,0,0.1187,
306.6,307.45,ที่,55,1,0.0891,
307.466,308.333,หนึ่ง,55,2,0.0593,
308.4,308.916,(ชี้นิ้วชี้),55,3,0.0295,
309.383,309.983,สอง,55,4,0.1164,
310.0,310.616,มี,55,5,0.0579,
311.216,312.166,(ผายมือ),55,6,0.2042,
312.183,313.016,(น้อยไปหามาก),55,7,0.1754,
313.033,313.9,(ผายมือ),55,8,0.1179,
314.683,314.983,ดู,56,0,0.4459,
315.0,315.316,(ผายมือ),56,1,0.4432,
315.4,315.783,ตัวอย่าง,56,2,0.1106,
315.883,316.3,(ผายมือ),57,0,0.1027,
316.316,316.65,เปรียบเทียบ,57,1,0.1013,
316.7,317.233,ตัวเลข,57,2,0.0681,
317.3,317.75,นับ,57,3,0.1711,
317.783,318.25,มี,57,4,0.1369,
318.266,318.683,(วางคำ),57,5,0.1037,
318.7,319.166,(วางคำ),57,6,0.1736,
319.2,319.65,(วางคำ),57,7,0.0343,
319.7,319.933,(วางคำ),57,8,0.0711,
319.966,320.25,สี่,57,9,0.0357,
320.583,321.183,(ชี้เรียงตามนิ้วมือซ้าย),58,0,0.1431,
321.233,321.75,อ่าน,58,1,0.286,
321.766,322.45,ก่อน,58,2,0.1434,
322.466,323.05,(ชี้แต่ละนิ้ว),58,3,0.191,
323.066,323.716,ก่อน,58,4,0.2365,
323.983,324.266,(ชี้ย้ำที่นิ้วชี้),59,0,0.0381,
325.733,325.883,เท่าไร,59,1,0.0381,
325.933,326.416,หก,59,2,0.115,
326.433,327.133,ล้าน,59,3,0.1143,
327.15,327.75,สาม,59,4,0.1536,
327.783,328.716,แสน,59,5,0.0372,
328.9,329.466,สอง,59,6,0.1546,
329.516,329.833,พัน,59,7,0.117,
329.883,330.416,หนึ่งร้อย,59,8,0.0786,
330.433,330.95,ห้าสิบ,59,9,0.1164,
331.016,331.733,เก้า,59,10,0.0375,
332.166,332.633,(ชี้ย้ำที่นิ้วกลาง),60,0,0.0565,
332.733,333.45,หก,60,1,0.0848,
333.5,334.133,ล้าน,60,2,0.0572,
334.533,335.266,สาม,60,3,0.172,
335.333,335.966,แสน,60,4,0.0865,
336.066,336.966,สอง,60,5,0.0862,
336.983,337.5,หมื่น,60,6,0.0855,
337.7,338.45,เก้าพัน,60,7,0.1712,
338.616,339.3,ห้าร้อย,60,8,0.1147,
339.316,339.916,สิบ,60,9,0.0861,
340.033,340.266,(ชี้ย้ำที่นิ้วนาง),61,0,0.0564,
340.616,341.233,เก้า,61,1,0.1152,
342.7,343.033,แสน,61,2,0.0861,
343.233,343.55,เก้า,61,3,0.0573,
344.116,344.916,หมื่น,61,4,0.2034,
345.4,346.133,ห้าพัน,61,5,0.1702,
346.15,346.516,เจ็ดร้อย,61,6,0.0566,
346.566,347.233,แปดสิบ,61,7,0.0857,
347.316,348.05,เก้า,61,8,0.1693,
348.183,348.75,(ชี้นิ้วนาง),62,0,0.064,
348.8,349.35,(ชี้ย้ำที่นิ้วก้อย),62,1,0.0964,
351.216,351.733,หก,62,2,0.0645,
351.766,352.35,ล้าน,62,3,0.0635,
352.383,353.033,สาม,62,4,0.0956,
353.083,353.95,แสน,62,5,0.034,
353.966,354.7,สอง,62,6,0.1305,
355.216,355.533,หมื่น,62,7,0.0971,
355.633,355.75,สองร้อย,62,8,0.0649,
355.8,356.566,สิบห้า,62,9,0.1618,
356.616,357.266,(ชี้ย้ำที่นิ้วก้อย),62,10,0.1274,
357.466,358.25,ทั้งหมด,63,0,0.353,
358.333,358.85,เปรียบเทียบ,63,1,0.0712,
359.1,359.566,(ชี้แต่ละนิ้ว),63,2,0.2861,
359.583,360.2,สี่,63,3,0.1452,
360.283,360.916,เปรียบเทียบ,63,4,0.1438,
361.116,361.566,ตัวอย่าง,64,0,0.0305,
361.583,361.866,เรา,64,1,0.0306,
361.883,362.65,เห็น,64,2,0.0311,
362.7,363.033,สังเกต,64,3,0.0944,
363.066,363.466,ตรง,64,4,0.1261,
363.483,363.933,(มี+สี่),64,5,0.0952,
363.983,364.466,เห็น,64,6,0.1249,
364.483,364.816,(ชี้ไล่เรียงแต่ละนิ้ว),64,7,0.0929,
364.833,365.266,มาก,64,8,0.0934,
365.283,365.766,ที่สุด,64,9,0.0938,
365.783,366.216,สังเกต,64,10,0.0933,
366.3,366.933,ชัดเจน,64,11,0.0943,
367.366,367.433,(ชี้แต่ละนิ้ว),65,0,0.0281,
367.533,368.35,เปรียบเทียบ,65,1,0.0285,
368.366,369.133,ตัวเลข,65,2,0.1109,
369.166,369.866,ฝั่งซ้าย,65,3,0.1099,
369.883,370.633,มี,65,4,0.1945,
370.7,371.433,(วางสันมือที่นิ้วชี้),65,5,0.1122,
371.466,372.066,ล้าน,65,6,0.1673,
372.1,372.383,มี,65,7,0.0559,
374.216,374.466,หก,66,0,0.1035,
374.483,374.95,ล้าน,66,1,0.1047,
374.966,375.35,(ชี้นิ้วกลาง),66,2,0.1575,
375.366,375.8,หก,66,3,0.1059,
375.816,376.35,ล้าน,66,4,0.1067,
376.75,376.9,(ชี้นิ้วนาง),66,5,0.1049,
377.016,377.35,(ชี้นิ้วก้อย),66,6,0.1058,
377.366,377.65,หก,66,7,0.0528,
377.8,378.05,ล้าน,66,8,0.1049,
378.066,378.45,(ชี้นิ้วก้อย),66,9,0.0526,
378.566,378.916,(ชี้ไล่เรียงแต่ละนิ้ว),67,0,0.0919,
378.95,379.716,(ชี้ย้ำที่นิ้วนาง),67,1,0.2718,
379.733,380.45,ลอง,67,2,0.0903,
380.566,381.15,สังเกต,67,3,0.3665,
381.6,382.583,(ชี้ย้ำที่นิ้วนาง),68,0,0.0327,
382.6,383.333,ล้าน,68,1,0.1042,
383.416,383.633,ฝั่งซ้าย,68,2,0.0693,
383.966,384.733,(ชี้ย้ำที่นิ้วนาง),68,3,0.1734,
384.8,385.216,มี,68,4,0.1027,
385.233,385.966,หนึ่ง,68,5,0.036,
386.1,386.566,แสน,68,6,0.1375,
386.583,387.366,หนึ่ง,68,7,0.1384,
387.5,388.25,แสน,68,8,0.1382,
388.8,389.416,(ชี้ย้ำที่นิ้วนาง),69,0,0.0582,
389.433,389.933,มี,69,1,0.2366,
390.0,390.516,(ชี้นิ้วนาง),69,2,0.236,
390.616,390.633,เงิน,69,3,0.0585,
390.733,391.133,น้อย,69,4,0.0604,
391.166,391.533,(ชี้นิ้วนาง),69,5,0.2339,
391.6,391.75,น้อย,69,6,0.1168,
392.483,393.233,เรา,70,0,0.0605,
393.283,393.983,สลับ,70,1,0.1791,
394.0,394.633,ตอบ,70,2,0.2923,
394.716,395.216,ได้,70,3,0.1173,
395.233,395.933,ที่,70,4,0.1781,
395.983,396.566,สอง,70,5,0.1159,
396.716,397.483,(จับที่นิ้วชี้),70,6,0.0571,
397.583,398.133,คะแนน,71,0,0.0593,
398.166,398.483,น้อย,71,1,0.0863,
398.583,398.95,ไหน,71,2,0.0587,
399.0,399.55,(ชี้นิ้วชี้),71,3,0.1452,
399.566,400.266,เก้า,71,4,0.0311,
400.283,400.883,แสน,71,5,0.0876,
400.9,401.433,เก้า,71,6,0.0869,
401.483,402.066,หมื่น,71,7,0.1424,
402.083,402.483,ห้าพัน,71,8,0.1205,
402.533,403.0,เจ็ดร้อย,71,9,0.0912,
403.016,403.55,แปดสิบ,71,10,0.0301,
403.616,404.15,เก้า,71,11,0.0604,
404.283,404.7,(ชี้ย้ำที่นิ้วชี้),72,0,0.1033,
404.716,405.433,(ชี้ตัวเอง),72,1,0.1019,
405.45,406.133,(ชี้ย้ำที่นิ้วชี้),72,2,0.2075,
406.333,406.55,[มี],72,3,0.069,
406.6,407.15,คิด,72,4,0.1033,
407.166,407.75,เอามา,72,5,0.1385,
407.816,408.35,พิจารณา,72,6,0.139,
408.4,408.933,ปรึกษา,72,7,0.1028,
408.983,409.65,ไม่,72,8,0.0341,
410.1,410.516,ต่อ,73,0,0.0847,
410.533,410.95,ไหน,73,1,0.1256,
411.0,411.45,ทำ,73,2,0.0419,
411.5,411.966,หา,73,3,0.1669,
411.983,412.25,ตรง,73,4,0.0417,
412.3,412.633,เงิน,73,5,0.0412,
412.683,413.066,มาก,73,6,0.1232,
413.083,413.533,ที่สุด,73,7,0.1219,
413.566,414.05,ใคร,73,8,0.1679,
414.666,415.45,(ชี้ย้ำที่นิ้วโป้ง),74,0,0.0863,
415.483,416.133,ฝั่งซ้าย,74,1,0.1693,
416.183,416.866,มี,74,2,0.4173,
417.033,417.266,หนึ่ง,74,3,0.1687,
417.283,418.766,ล้าน,74,4,0.0761,
419.283,420.366,(ชี้นิ้วชี้),75,0,0.1651,
420.383,421.616,หก,75,1,0.2051,
421.783,422.266,(หกที่นิ้วกลาง),75,2,0.1635,
422.916,424.0,(ชี้ย้ำที่นิ้วก้อย),75,3,0.2129,
424.016,425.366,(หกที่นิ้วก้อย),75,4,0.2139,
426.316,426.95,(ชี้เรียงแต่ละนิ้ว),76,0,0.1437,
427.016,427.233,หก,76,1,0.0953,
427.283,427.833,หก,76,2,0.2376,
427.9,428.25,หก,76,3,0.0953,
428.266,428.733,(ชี้แต่ละนิ้ว),76,4,0.0955,
428.933,429.25,ล้าน,76,5,0.0949,
429.266,430.033,เท่ากัน,76,6,0.0473,
430.116,430.633,(ผายมือ),76,7,0.1906,
431.266,431.866,เรา,77,0,0.0352,
431.9,432.383,คิด,77,1,0.1431,
432.4,432.95,ใหม่,77,2,0.1072,
433.016,433.566,(วางสันมือที่นิ้วชี้),77,3,0.2143,
433.583,434.183,มี,77,4,0.1788,
434.216,434.65,ล้าน,77,5,0.0715,
434.666,435.233,ถัดไป,77,6,0.2133,
435.283,435.85,แสน,77,7,0.0361,
436.233,436.616,(ชี้นิ้วชี้),78,0,0.097,
436.666,437.233,สาม,78,1,0.0976,
440.116,440.933,แสน,78,2,0.1596,
440.983,441.05,(ชี้นิ้วกลาง),78,3,0.0318,
441.1,441.216,สาม,78,4,0.0321,
441.316,442.1,แสน,78,5,0.193,
442.116,442.6,(ชี้ย้ำที่นิ้วกลาง),78,6,0.064,
443.483,443.816,(ชี้ย้ำที่นิ้วก้อย),78,7,0.0643,
443.833,444.433,สาม,78,8,0.0664,
444.483,444.983,แสน,78,9,0.1296,
445.033,445.133,เท่ากัน,78,10,0.0645,
445.766,446.35,คิด,79,0,0.1862,
446.383,446.883,(ชี้นิ้วกลาง),79,1,0.1254,
447.15,447.85,สาม,79,2,0.3133,
447.883,448.433,แสน,79,3,0.063,
448.5,449.433,เท่ากัน,79,4,0.2496,
450.3,450.816,ถัดไป,80,0,0.1452,
450.833,451.55,ต่อ,80,1,0.2394,
451.6,452.383,คิด,80,2,0.0949,
452.4,453.116,ปรึกษา,80,3,0.2377,
453.133,453.933,ถัดไป,80,4,0.2828,
456.183,456.983,หมื่น,81,0,1.0,
457.133,457.933,(ชี้นิ้วชี้),82,0,0.1936,
458.733,459.05,หมื่น,82,1,0.1273,
459.15,460.083,(ชี้นิ้วชี้),82,2,0.3117,
460.1,460.6,ศูนย์,82,3,0.1216,
461.466,462.55,(ชี้นิ้วชี้),82,4,0.1828,
462.716,463.066,ศูนย์,82,5,0.062,
464.166,464.183,(ชี้นิ้วกลาง),83,0,0.0527,
466.433,466.466,หมื่น,83,1,0.0522,
467.183,467.8,เท่าไร,83,2,0.2102,
467.9,468.383,สอง,83,3,0.1596,
468.433,469.316,สอง,83,4,0.1043,
469.333,469.833,หมื่น,83,5,0.2609,
469.883,470.266,(ชี้นิ้วกลาง),83,6,0.1608,
470.816,471.1,(ชี้ย้ำนิ้วก้อย),84,0,0.1175,
471.116,471.833,เท่าไร,84,1,0.1173,
472.416,473.25,สอง,84,2,0.3523,
473.266,474.183,สอง,84,3,0.0596,
474.316,475.016,หมื่น,84,4,0.2927,
475.033,475.833,(ชี้ย้ำที่นิ้วก้อย),84,5,0.0602,
475.966,476.766,มี,85,0,0.4038,
476.783,477.716,ทั้งหมด,85,1,0.3336,
477.8,478.15,(ชี้นิ้วชี้),85,2,0.1969,
478.166,479.016,น้อย,85,3,0.065,
479.266,479.916,(ชี้นิ้วกลาง),86,0,0.1351,
479.966,480.516,(ชี้นิ้วก้อย),86,1,0.1005,
480.6,481.066,(ชี้นิ้วกลางสลับกับชี้นิ้วก้อย),86,2,0.1316,
481.116,481.566,สอง,86,3,0.0977,
481.583,482.416,หมื่น,86,4,0.0315,
482.466,483.066,สองหมื่น,86,5,0.1371,
483.083,483.333,เท่ากัน,86,6,0.1003,
483.383,483.933,(ชี้นิ้วกลาง),86,7,0.0678,
483.983,484.516,(ชี้นิ้วก้อย),86,8,0.1325,
485.333,485.766,คิด,87,0,0.0489,
485.8,486.316,ยัง,87,1,0.0733,
486.383,487.233,วิเคราะห์,87,2,0.1956,
487.25,488.05,ใหม่,87,3,0.0966,
488.133,488.9,เพิ่มเติม,87,4,0.2676,
489.016,489.1,(ชี้นิ้วกลางสลับกับชี้นิ้วก้อย),87,5,0.0242,
489.616,490.4,ใหม่,87,6,0.1715,
490.416,491.2,ถัดไป,87,7,0.1222,
492.733,493.266,เท่าไร,88,0,0.7524,
493.283,493.916,พัน,88,1,0.2476,
494.266,495.55,(ชี้ย้ำที่นิ้วกลาง),89,0,0.0627,
495.616,496.033,พัน,89,1,0.1991,
496.083,496.65,(ชี้ที่นิ้วกลาง),89,2,0.2628,
496.733,497.383,เก้า,89,3,0.2028,
498.016,498.55,เก้าพัน,89,4,0.1358,
498.566,499.083,(ชี้ที่นิ้วกลาง),89,5,0.1368,
499.566,500.616,(ชี้ที่นิ้วก้อย),90,0,0.35,
500.633,501.516,หนึ่งพัน,90,1,0.3512,
502.433,502.866,ศูนย์,90,2,0.1773,
503.083,503.683,ศูนย์,90,3,0.1208,
504.216,504.333,(ชี้วนรอบเลขมือซ้าย),91,0,0.0387,
504.416,505.033,สังเกต,91,1,0.1923,
505.566,506.3,(ชี้นิ้วกลาง),91,2,0.117,
506.466,506.633,มาก,91,3,0.0768,
506.716,507.716,ที่สุด,91,4,0.3068,
507.733,508.733,ไหน,91,5,0.2302,
508.85,509.45,(ชี้ย้ำที่นิ้วกลาง),91,6,0.0392,
511.666,512.133,มี,92,0,0.1006,
512.166,512.583,มาก,92,1,0.1314,
512.6,513.049,(ชี้นิ้วโป้ง),92,2,0.0333,
513.116,513.25,ไหน,92,3,0.0329,
513.266,513.866,หก,92,4,0.0329,
513.933,514.366,ล้าน,92,5,0.1,
514.383,514.933,สาม,92,6,0.1011,
514.95,515.483,แสน,92,7,0.1342,
515.6,515.866,สอง,92,8,0.0998,
515.933,516.266,หมื่น,92,9,0.0666,
516.316,516.583,เก้าพัน,92,10,0.0333,
517.016,517.549,ห้าร้อย,92,11,0.0669,
517.566,518.066,สิบ,92,12,0.0336,
519.883,520.383,แล้ว,93,0,0.3332,
520.4,521.016,จัดเรียง,93,1,0.2519,
521.083,521.333,มี,93,2,0.1668,
521.383,521.833,สี่,93,3,0.2481,
522.1,522.466,คิด,94,0,0.0465,
522.5,523.25,มี,94,1,0.1438,
523.299,523.916,น้อย,94,2,0.1425,
523.933,524.45,ที่สุด,94,3,0.1896,
524.466,525.066,คะแนน,94,4,0.1906,
525.083,525.7,(มากไปน้อย),94,5,0.0471,
525.816,526.316,(น้อยไปมาก),94,6,0.1918,
526.4,526.833,รู้,94,7,0.0472,
527.116,527.383,สามข้อ,95,0,0.1012,
527.516,528.45,รูปภาพ,95,1,0.5015,
528.466,529.55,กวาง,95,2,0.0964,
529.6,530.05,น้อย,95,3,0.2008,
530.416,531.183,(น้อยไปหามาก),96,0,0.174,
531.216,532.0,(ชี้ที่มากที่สุด),96,1,0.2167,
532.016,532.9,รูปภาพ,96,2,0.1737,
532.916,533.533,ยีราฟ,96,3,0.1732,
533.616,534.333,(ผายมือ),96,4,0.2179,
536.1,536.483,(น้อยและน้อย),97,0,0.1825,
536.666,537.383,มากขึ้น,97,1,0.0624,
537.4,538.133,(ชี้ที่น้อย),97,2,0.2502,
538.166,538.75,คิด,97,3,0.1893,
538.816,539.5,ไม่,97,4,0.1259,
539.516,540.016,ปรึกษา,97,5,0.1875,
540.116,540.833,ต่อ,98,0,0.1724,
540.9,541.25,เหลือ,98,1,0.029,
541.8,542.316,ทั้งสอง,98,2,0.0292,
542.616,542.633,มี,98,3,0.0285,
542.883,543.416,ตรง,98,4,0.1415,
543.483,544.416,รูปภาพ,98,5,0.2264,
544.916,545.0,หมี,98,6,0.0575,
545.283,546.016,สิงโต,98,7,0.115,
547.4,548.25,ดู,99,0,0.499,
548.4,548.816,ใหม่,99,1,0.501,
549.583,550.766,(ชี้ย้ำที่นิ้วชี้),100,0,0.3683,
550.8,552.016,ล้าน,100,1,0.5043,
552.1,552.983,หก,100,2,0.127,
553.233,553.883,(หกที่นิ้วก้อย),101,0,0.0969,
554.1,555.15,(แสนที่นิ้วชี้),101,1,0.5052,
555.2,555.916,สาม,101,2,0.3031,
555.933,557.833,(สามที่นิ้วก้อย),101,3,0.0932,
558.283,558.766,(หมื่นที่นิ้วกลาง),102,0,0.3348,
558.783,559.55,เท่าไร,102,1,0.4998,
559.583,559.633,(ศูนย์ที่นิ้วชี้),102,2,0.1654,
561.016,562.583,(ชี้ย้ำที่นิ้วก้อย),103,0,0.4842,
562.816,563.316,สอง,103,1,0.5154,
564.833,564.95,(ชี้นิ้วชี้),104,0,0.0674,
565.583,567.066,หมื่น,104,1,0.262,
567.116,567.716,หมี,104,2,0.2678,
567.916,568.233,ศูนย์,104,3,0.2014,
568.733,569.483,น้อย,104,4,0.2015,
571.35,572.2,(หยิบจากนิ้วชี้ออกมา),105,0,0.1608,
572.216,572.883,แล้ว,105,1,0.1577,
572.9,573.766,(น้อยไปหามาก),105,2,0.0802,
573.783,574.716,(ผายมือที่น้อย),105,3,0.1349,
575.083,575.85,ถัดมา,105,4,0.1656,
575.866,576.733,กวาง,105,5,0.0821,
576.8,577.466,หมี,105,6,0.0818,
577.5,578.2,(ผายมือ),105,7,0.1368,
578.466,579.183,(วางสันมือที่นิ้วนาง),106,0,0.1828,
579.2,579.933,จริง,106,1,0.2711,
579.966,580.85,สิงโต,106,2,0.2268,
580.866,581.633,(วางสันมือที่นิ้วนาง),106,3,0.1828,
581.7,582.25,ยีราฟ,106,4,0.137,
582.4,583.7,ตัวอย่าง,107,0,0.1994,
583.733,585.05,(น้อยไปหามาก),107,1,0.2458,
585.3,586.55,(น้อยไปหามาก),107,2,0.3535,
586.583,587.05,(ชี้น้อย),107,3,0.1003,
588.383,589.033,เก้า,108,0,0.1762,
589.083,589.733,แสน,108,1,0.1765,
589.8,590.433,เก้าหมื่น,108,2,0.2355,
590.483,590.983,ห้าพัน,108,3,0.1176,
591.033,591.35,เจ็ดร้อย,108,4,0.1765,
591.483,591.933,แปดสิบเก้า,108,5,0.1176,
592.083,592.666,ถัดมา,109,0,0.1467,
592.683,593.35,มากขึ้น,109,1,0.0293,
593.366,593.95,(ชี้นิ้วกลาง),109,2,0.1178,
594.016,594.583,หก,109,3,0.118,
594.666,595.1,ล้าน,109,4,0.1177,
595.116,595.633,สาม,109,5,0.0589,
595.666,596.216,แสน,109,6,0.1178,
596.233,596.733,สองพัน,109,7,0.0885,
596.8,597.316,หนึ่งร้อย,109,8,0.0881,
597.333,597.8,ห้าสิบ,109,9,0.0879,
597.983,598.233,เก้า,109,10,0.0294,
598.383,598.866,ถัดมา,110,0,0.0793,
598.9,599.283,หก,110,1,0.0791,
600.133,600.333,ล้าน,110,2,0.08,
600.616,601.233,สาม,110,3,0.1205,
601.483,602.066,แสน,110,4,0.1573,
602.116,602.25,สอง,110,5,0.0401,
602.316,602.416,หมื่น,110,6,0.0402,
602.816,603.366,สองร้อย,110,7,0.2015,
603.383,603.766,สิบห้า,110,8,0.0811,
603.8,604.15,(ชี้นิ้วนาง),110,9,0.1208,
604.833,605.316,(ชี้นิ้วก้อย),111,0,0.0614,
605.616,605.85,มาก,111,1,0.0596,
605.9,606.216,ไหน,111,2,0.0593,
606.266,606.6,มี,111,3,0.0302,
606.783,607.233,หก,111,4,0.1519,
607.266,607.833,ล้าน,111,5,0.1538,
607.9,608.1,สาม,111,6,0.0307,
608.116,608.933,แสน,111,7,0.0296,
608.966,609.35,สอง,111,8,0.0609,
609.366,609.866,หมื่น,111,9,0.1231,
609.883,610.35,เก้าพัน,111,10,0.0603,
610.366,610.85,ห้าร้อย,111,11,0.0889,
610.866,611.383,สิบ,111,12,0.0904,
612.716,612.75,(ผายมือ),112,0,0.0397,
613.1,613.183,(เรียงของแต่ละชิ้นน้อยไปหามาก),112,1,0.0402,
613.266,613.95,(น้อยไปหามาก),112,2,0.1998,
614.016,614.716,(วางคำเรียงไปทางขวา),112,3,0.2786,
614.733,615.466,(ผายมือ),112,4,0.1593,
615.5,616.166,มี,112,5,0.2033,
617.033,617.433,สรุป,113,0,0.3297,
617.466,617.95,เรียน,113,1,0.4448,
618.016,618.133,นี้,113,2,0.1134,
619.866,620.0,เปรียบเทียบ,114,0,0.0781,
620.016,620.633,มี,114,1,0.0758,
620.683,621.15,นับ,114,2,0.2314,
621.183,621.55,น้อย,114,3,0.3073,
621.6,621.866,มาก,114,4,0.153,
621.883,622.25,(วางคำสองมือ),114,5,0.1557,
622.466,622.65,เปรียบเทียบ,115,0,0.0324,
622.716,623.116,(วางสันมือบนนิ้วโป้ง),115,1,0.0651,
623.216,623.65,(วางสันมือบนนิ้วชี้),115,2,0.1612,
623.666,624.333,(วางสันมือบนนิ้วกลาง),115,3,0.0644,
624.416,624.95,(วางสันมือบนนิ้วก้อย),115,4,0.1291,
624.966,625.566,(วางสันมือบนนิ้วโป้ง),115,5,0.0646,
625.666,626.233,ฝั่งซ้าย,115,6,0.1928,
626.266,626.766,(เรียงแต่ละข้อเรียงลงมา),115,7,0.1291,
626.783,627.25,(ชี้นิ้วโป้ง),115,8,0.1293,
627.433,628.15,สมมุติ,116,0,0.1778,
628.2,628.65,ไม่เท่ากัน,116,1,0.1265,
629.383,630.016,(วางสันมือบนนิ้วโป้ง),116,2,0.1547,
630.033,630.75,นับ,116,3,0.0511,
630.766,631.533,(วางสันมือบนนิ้วโป้ง),116,4,0.1036,
631.55,632.15,มาก,116,5,0.0773,
632.166,632.766,ถัดไป,116,6,0.1029,
633.233,633.25,มาก,116,7,0.0257,
633.416,634.183,กว่า,116,8,0.1289,
635.116,635.5,สมมุติ,117,0,0.1252,
635.6,636.233,เท่ากัน,117,1,0.1255,
636.283,636.916,เปรียบเทียบ,117,2,0.1255,
637.0,637.35,ใหม่,117,3,0.167,
637.4,637.816,(วางสันมือบนนิ้วโป้ง),117,4,0.0419,
637.866,638.3,(ถัดไปที่นิ้วชี้),117,5,0.0837,
639.116,639.633,(ถัดไปที่นิ้วกลาง),117,6,0.1256,
639.683,640.333,(ถัดไปที่นิ้วนาง),117,7,0.1243,
640.4,640.733,(ถัดไปที่นิ้วก้อย),117,8,0.0817,
640.8,641.266,เปรียบเทียบ,118,0,0.0578,
641.283,641.816,สมมุติ,118,1,0.0866,
641.833,642.333,มองเห็น,118,2,0.0588,
642.366,642.883,(ถัดไปในแต่ละนิ้ว),118,3,0.1186,
642.9,643.4,มาก,118,4,0.1174,
643.416,643.933,กว่า,118,5,0.1756,
644.016,644.233,มี,118,6,0.0592,
644.683,645.216,(ชี้),118,7,0.0898,
645.3,645.316,คะแนน,118,8,0.0297,
645.833,645.916,มาก,118,9,0.0297,
645.966,646.433,กว่า,118,10,0.1773,
